Lap 1,"[{'subject': [{'driver': 'SIR'}], 'action': 'fly', 'object': {'driver': ['VAN'], 'main': ['past']}}, {'subject': [{'driver': 'SIR'}], 'action': 'move up', 'object': {'position': ['15']}}]",Write a live blog post describing the following events in a Formula 1 race: Agent1 | driver | SIR [SEP] Action1 | fly [SEP] Object1 | driver | VAN [SEP] Object1 | main | past [SEP] Agent2 | driver | SIR [SEP] Action2 | move up [SEP] Object2 | position | 15,Sirotkin flies past Vettel to move up to 15th.
Lap 4,"[{'subject': [{'driver': 'VAN'}], 'action': 'overtake', 'object': {'driver': ['SIR']}}, {'subject': [{'driver': 'VAN'}], 'action': 'move up', 'object': {'position': ['15']}}]",Write a live blog post describing the following events in a Formula 1 race: Agent1 | driver | VAN [SEP] Action1 | overtake [SEP] Object1 | driver | SIR [SEP] Agent2 | driver | VAN [SEP] Action2 | move up [SEP] Object2 | position | 15,Vandoorne overtakes Sirotkin to move up to 15th.
Lap 5,"[{'subject': [{'driver': 'MAG'}], 'action': 'pass', 'object': {'driver': ['GRO']}}, {'subject': [{'driver': 'MAG'}], 'action': 'move up', 'object': {'position': ['9']}}]",Write a live blog post describing the following events in a Formula 1 race: Agent1 | driver | MAG [SEP] Action1 | pass [SEP] Object1 | driver | GRO [SEP] Agent2 | driver | MAG [SEP] Action2 | move up [SEP] Object2 | position | 9,Magnussen passes Grosjean to move up to ninth.
Lap 5,"[{'subject': [{'driver': 'GRO'}], 'action': 'close', 'object': {'main': ['gap to'], 'driver': ['SAI']}}, {'subject': [{'other': 'gap'}], 'action': 'be', 'object': {'main': ['only', '0.37'], 'driver': ['SAI'], 'timing': ['end of lap']}}]",Write a live blog post describing the following events in a Formula 1 race: Agent1 | driver | GRO [SEP] Action1 | close [SEP] Object1 | main | gap to [SEP] Object1 | driver | SAI [SEP] Agent2 | other | gap [SEP] Action2 | be [SEP] Object2 | main | only [SEP] Object2 | main | 0.37 [SEP] Object2 | driver | SAI [SEP] Object2 | timing | end of lap,Grosjean closes the gap to Sainz to only 0.37s at the end of the lap.
Lap 10,"[{'subject': [{'driver': 'HAR'}], 'action': 'stop', 'object': {'main': ['for ultrasoft tyres']}}, {'subject': [{'driver': 'HAR'}], 'action': 'drop to', 'object': {'position': ['20']}}]",Write a live blog post describing the following events in a Formula 1 race: Agent1 | driver | HAR [SEP] Action1 | stop [SEP] Object1 | main | for ultrasoft tyres [SEP] Agent2 | driver | HAR [SEP] Action2 | drop to [SEP] Object2 | position | 20,Harlow pits for ultrasoft tyres and drops to 20th.
Lap 11,"[{'subject': [{'driver': 'OCO'}], 'action': 'pit', 'object': {'main': ['from P12', 'to undercut'], 'driver': ['ALO']}}, {'subject': [{'driver': 'ALO'}], 'action': 'be', 'object': {'main': ['still out']}}]",Write a live blog post describing the following events in a Formula 1 race: Agent1 | driver | OCO [SEP] Action1 | pit [SEP] Object1 | main | from P12 [SEP] Object1 | main | to undercut [SEP] Object1 | driver | ALO [SEP] Agent2 | driver | ALO [SEP] Action2 | be [SEP] Object2 | main | still out,"Ocon pits from P12 to undercut Leclerc, but Alonso is still out."
Lap 12,"[{'subject': [{'driver': 'PER'}], 'action': 'stop', 'object': {'main': ['for ultrasoft tyres']}}, {'subject': [{'driver': 'PER'}], 'action': 'drop to', 'object': {'position': ['18']}}, {'subject': [{'driver': 'SAI'}], 'action': 'come', 'object': {'main': ['in pits', 'for ultrasoft tyres']}}, {'subject': [{'driver': 'SAI'}], 'action': 'drop to', 'object': {'position': ['17']}}]",Write a live blog post describing the following events in a Formula 1 race: Agent1 | driver | PER [SEP] Action1 | stop [SEP] Object1 | main | for ultrasoft tyres [SEP] Agent2 | driver | PER [SEP] Action2 | drop to [SEP] Object2 | position | 18 [SEP] Agent3 | driver | SAI [SEP] Action3 | come [SEP] Object3 | main | in pits [SEP] Object3 | main | for ultrasoft tyres [SEP] Agent4 | driver | SAI [SEP] Action4 | drop to [SEP] Object4 | position | 17,"Perez pits for ultrasoft tyres and drops to 18. Sainz comes in the pits for the same tyres, dropping to 17."
Lap 13,"[{'subject': [{'driver': 'HUL'}], 'action': 'box', 'object': {'main': ['for ultrasoft tyres']}}, {'subject': [{'driver': 'HUL'}], 'action': 'drop to', 'object': {'position': ['15']}}]",Write a live blog post describing the following events in a Formula 1 race: Agent1 | driver | HUL [SEP] Action1 | box [SEP] Object1 | main | for ultrasoft tyres [SEP] Agent2 | driver | HUL [SEP] Action2 | drop to [SEP] Object2 | position | 15,Hulkenberg boxes for ultrasoft tyres and drops to 15th.
Lap 13,"[{'subject': [{'driver': 'HUL'}], 'action': 'fly', 'object': {'driver': ['GAS'], 'main': ['past']}}, {'subject': [{'driver': 'HUL'}], 'action': 'move up', 'object': {'position': ['14']}}]",Write a live blog post describing the following events in a Formula 1 race: Agent1 | driver | HUL [SEP] Action1 | fly [SEP] Object1 | driver | GAS [SEP] Object1 | main | past [SEP] Agent2 | driver | HUL [SEP] Action2 | move up [SEP] Object2 | position | 14,Hulkenberg flies past Gasly to move up to 14th.
Lap 13,"[{'subject': [{'driver': 'OCO'}], 'action': 'approach', 'object': {'driver': ['ERI']}}, {'subject': [{'other': 'gap'}], 'action': 'decrease', 'object': {'main': ['to', '0.59'], 'driver': ['ERI'], 'timing': ['now']}}]",Write a live blog post describing the following events in a Formula 1 race: Agent1 | driver | OCO [SEP] Action1 | approach [SEP] Object1 | driver | ERI [SEP] Agent2 | other | gap [SEP] Action2 | decrease [SEP] Object2 | main | to [SEP] Object2 | main | 0.59 [SEP] Object2 | driver | ERI [SEP] Object2 | timing | now,Ocon approaches Erize and the gap has decreased to 0.59s now.
Lap 14,"[{'subject': [{'driver': 'HUL'}], 'action': 'close', 'object': {'main': ['gap to'], 'driver': ['SIR']}}, {'subject': [{'other': 'gap'}], 'action': 'be', 'object': {'main': ['only', '2.17'], 'driver': ['SIR'], 'timing': ['this lap']}}]",Write a live blog post describing the following events in a Formula 1 race: Agent1 | driver | HUL [SEP] Action1 | close [SEP] Object1 | main | gap to [SEP] Object1 | driver | SIR [SEP] Agent2 | other | gap [SEP] Action2 | be [SEP] Object2 | main | only [SEP] Object2 | main | 2.17 [SEP] Object2 | driver | SIR [SEP] Object2 | timing | this lap,Hulkenberg has closed the gap to Sainz to only 2.17s this lap.
Lap 15,"[{'subject': [{'driver': 'HUL'}], 'action': 'approach', 'object': {'driver': ['SIR']}}, {'subject': [{'other': 'gap'}], 'action': 'be', 'object': {'main': ['only', '0.88'], 'driver': ['SIR'], 'timing': ['now']}}]",Write a live blog post describing the following events in a Formula 1 race: Agent1 | driver | HUL [SEP] Action1 | approach [SEP] Object1 | driver | SIR [SEP] Agent2 | other | gap [SEP] Action2 | be [SEP] Object2 | main | only [SEP] Object2 | main | 0.88 [SEP] Object2 | driver | SIR [SEP] Object2 | timing | now,"Hulkenberg approaches Sirotkin, but the gap is only 0.88s now."
Lap 16,"[{'subject': [{'driver': 'GRO'}], 'action': 'make', 'object': {'main': ['pitstop', 'for ultrasoft tyres']}}, {'subject': [{'driver': 'GRO'}], 'action': 'drop to', 'object': {'position': ['11']}}, {'subject': [{'driver': 'VER'}], 'action': 'pit', 'object': {'main': ['from P3', 'to undercut'], 'driver': ['BOT']}}, {'subject': [{'driver': 'BOT'}], 'action': 'be', 'object': {'main': ['still out']}}, {'subject': [{'driver': ['RIC']}], 'action': 'pit', 'object': {}}]",Write a live blog post describing the following events in a Formula 1 race: Agent1 | driver | GRO [SEP] Action1 | make [SEP] Object1 | main | pitstop [SEP] Object1 | main | for ultrasoft tyres [SEP] Agent2 | driver | GRO [SEP] Action2 | drop to [SEP] Object2 | position | 11 [SEP] Agent3 | driver | VER [SEP] Action3 | pit [SEP] Object3 | main | from P3 [SEP] Object3 | main | to undercut [SEP] Object3 | driver | BOT [SEP] Agent4 | driver | BOT [SEP] Action4 | be [SEP] Object4 | main | still out [SEP] Agent5 | drivers | RIC [SEP] Action5 | pit,"Grosjean makes a pitstop for ultrasoft tyres, dropping to 11th. Verstappen pits from P3 to undercut Bottas. Ricciardo is still out."
Lap 16,"[{'subject': [{'driver': 'PER'}], 'action': 'fly', 'object': {'driver': ['ERI'], 'main': ['past']}}, {'subject': [{'driver': 'PER'}], 'action': 'move up', 'object': {'position': ['18']}}]",Write a live blog post describing the following events in a Formula 1 race: Agent1 | driver | PER [SEP] Action1 | fly [SEP] Object1 | driver | ERI [SEP] Object1 | main | past [SEP] Agent2 | driver | PER [SEP] Action2 | move up [SEP] Object2 | position | 18,Perez flies past Ericsson to move up to 18th.
Lap 17,"[{'subject': [{'driver': 'HAM'}], 'action': 'pit', 'object': {'main': ['from P4', 'to undercut'], 'driver': ['RAI']}}, {'subject': [{'driver': 'RAI'}], 'action': 'be', 'object': {'main': ['still out']}}]",Write a live blog post describing the following events in a Formula 1 race: Agent1 | driver | HAM [SEP] Action1 | pit [SEP] Object1 | main | from P4 [SEP] Object1 | main | to undercut [SEP] Object1 | driver | RAI [SEP] Agent2 | driver | RAI [SEP] Action2 | be [SEP] Object2 | main | still out,"Hamilton pits from P4 to undercut Raikkonen, who is still out."
Lap 17,"[{'subject': [{'driver': 'RIC'}], 'action': 'close', 'object': {'main': ['gap to'], 'driver': ['MAG']}}, {'subject': [{'other': 'gap'}], 'action': 'be', 'object': {'main': ['down to', '1.3'], 'driver': ['MAG'], 'timing': ['end of lap']}}]",Write a live blog post describing the following events in a Formula 1 race: Agent1 | driver | RIC [SEP] Action1 | close [SEP] Object1 | main | gap to [SEP] Object1 | driver | MAG [SEP] Agent2 | other | gap [SEP] Action2 | be [SEP] Object2 | main | down to [SEP] Object2 | main | 1.3 [SEP] Object2 | driver | MAG [SEP] Object2 | timing | end of lap,Ricciardo closes the gap to Magnussen down to 1.3s at the end of lap.
Lap 18,"[{'subject': [{'driver': 'BOT'}], 'action': 'pit', 'object': {'main': ['from P2', 'to undercut'], 'driver': ['VET']}}, {'subject': [{'driver': 'VET'}], 'action': 'be', 'object': {'main': ['still out']}}]",Write a live blog post describing the following events in a Formula 1 race: Agent1 | driver | BOT [SEP] Action1 | pit [SEP] Object1 | main | from P2 [SEP] Object1 | main | to undercut [SEP] Object1 | driver | VET [SEP] Agent2 | driver | VET [SEP] Action2 | be [SEP] Object2 | main | still out,"Bottas pits from P2 to undercut Verstappen, but Vettel is still out."
Lap 18,"[{'subject': [{'driver': 'RIC'}], 'action': 'fly', 'object': {'driver': ['MAG'], 'main': ['past']}}, {'subject': [{'driver': 'RIC'}], 'action': 'move up', 'object': {'position': ['6']}}, {'subject': [{'driver': 'GRO'}], 'action': 'overtake', 'object': {'driver': ['GAS']}}, {'subject': [{'driver': 'GRO'}], 'action': 'move up', 'object': {'position': ['16']}}]",Write a live blog post describing the following events in a Formula 1 race: Agent1 | driver | RIC [SEP] Action1 | fly [SEP] Object1 | driver | MAG [SEP] Object1 | main | past [SEP] Agent2 | driver | RIC [SEP] Action2 | move up [SEP] Object2 | position | 6 [SEP] Agent3 | driver | GRO [SEP] Action3 | overtake [SEP] Object3 | driver | GAS [SEP] Agent4 | driver | GRO [SEP] Action4 | move up [SEP] Object4 | position | 16,"Ricciardo flies past Magnussen to move up to 6th, as Gasly overtakes Gasly and moves up to 16th."
Lap 19,"[{'subject': [{'driver': 'VET'}], 'action': 'enter', 'object': {'main': ['pits', 'for soft tyres']}}, {'subject': [{'driver': 'VET'}], 'action': 'drop to', 'object': {'position': ['2']}}]",Write a live blog post describing the following events in a Formula 1 race: Agent1 | driver | VET [SEP] Action1 | enter [SEP] Object1 | main | pits [SEP] Object1 | main | for soft tyres [SEP] Agent2 | driver | VET [SEP] Action2 | drop to [SEP] Object2 | position | 2,Vettel pits for soft tyres and drops to No. 2.
Lap 19,"[{'subject': [{'driver': 'SAI'}], 'action': 'overtake', 'object': {'driver': ['SIR']}}, {'subject': [{'driver': 'SAI'}], 'action': 'move up', 'object': {'position': ['12']}}, {'subject': [{'driver': 'OCO'}], 'action': 'overtake', 'object': {'driver': ['LEC']}}, {'subject': [{'driver': 'OCO'}], 'action': 'move up', 'object': {'position': ['14']}}, {'subject': [{'driver': 'GRO'}, {'driver': 'PER'}], 'action': 'also gain', 'object': {'main': ['position']}}]",Write a live blog post describing the following events in a Formula 1 race: Agent1 | driver | SAI [SEP] Action1 | overtake [SEP] Object1 | driver | SIR [SEP] Agent2 | driver | SAI [SEP] Action2 | move up [SEP] Object2 | position | 12 [SEP] Agent3 | driver | OCO [SEP] Action3 | overtake [SEP] Object3 | driver | LEC [SEP] Agent4 | driver | OCO [SEP] Action4 | move up [SEP] Object4 | position | 14 [SEP] Agent5 | driver | GRO [SEP] Action5 | also gain [SEP] Object5 | main | position,"Sainz overtakes Sirotkin to move up to 12th. Ocon also overtakes Leclerc to take 14th, while Grosjean also gains a position."
Lap 19,"[{'subject': [{'driver': 'VER'}], 'action': 'set', 'object': {'main': ['new fastest lap'], 'lap_time': ['97.755']}}]",Write a live blog post describing the following events in a Formula 1 race: Agent1 | driver | VER [SEP] Action1 | set [SEP] Object1 | main | new fastest lap [SEP] Object1 | lap_time | 97.755,Verstappen sets a new fastest lap of 97.755s.
Lap 20,"[{'subject': [{'driver': 'GAS'}], 'action': 'box', 'object': {'main': ['for medium tyres']}}, {'subject': [{'driver': 'GAS'}], 'action': 'drop to', 'object': {'position': ['20']}}]",Write a live blog post describing the following events in a Formula 1 race: Agent1 | driver | GAS [SEP] Action1 | box [SEP] Object1 | main | for medium tyres [SEP] Agent2 | driver | GAS [SEP] Action2 | drop to [SEP] Object2 | position | 20,Gasly boxes for medium tyres and drops to 20th.
Lap 20,"[{'subject': [{'driver': 'HUL'}], 'action': 'overtake', 'object': {'driver': ['VAN']}}, {'subject': [{'driver': 'HUL'}], 'action': 'move up', 'object': {'position': ['10']}}]",Write a live blog post describing the following events in a Formula 1 race: Agent1 | driver | HUL [SEP] Action1 | overtake [SEP] Object1 | driver | VAN [SEP] Agent2 | driver | HUL [SEP] Action2 | move up [SEP] Object2 | position | 10,Hulkenberg overtakes Vandoorne to move up to 10th.
Lap 21,"[{'subject': [{'driver': 'LEC'}], 'action': 'come', 'object': {'main': ['in pits', 'for soft tyres']}}, {'subject': [{'driver': 'LEC'}], 'action': 'drop to', 'object': {'position': ['18']}}]",Write a live blog post describing the following events in a Formula 1 race: Agent1 | driver | LEC [SEP] Action1 | come [SEP] Object1 | main | in pits [SEP] Object1 | main | for soft tyres [SEP] Agent2 | driver | LEC [SEP] Action2 | drop to [SEP] Object2 | position | 18,Leclerc comes in the pits for soft tyres and drops to 18th.
Lap 21,"[{'subject': [{'driver': 'HUL'}], 'action': 'overtake', 'object': {'driver': ['STR']}}, {'subject': [{'driver': 'HUL'}], 'action': 'move up', 'object': {'position': ['9']}}]",Write a live blog post describing the following events in a Formula 1 race: Agent1 | driver | HUL [SEP] Action1 | overtake [SEP] Object1 | driver | STR [SEP] Agent2 | driver | HUL [SEP] Action2 | move up [SEP] Object2 | position | 9,Hulkenberg overtakes Stroll to move up to ninth.
Lap 22,"[{'subject': [{'driver': 'VAN'}], 'action': 'box', 'object': {'main': ['for soft tyres']}}, {'subject': [{'driver': 'VAN'}], 'action': 'drop to', 'object': {'position': ['17']}}]",Write a live blog post describing the following events in a Formula 1 race: Agent1 | driver | VAN [SEP] Action1 | box [SEP] Object1 | main | for soft tyres [SEP] Agent2 | driver | VAN [SEP] Action2 | drop to [SEP] Object2 | position | 17,Vandoorne boxes for soft tyres and drops to 17th.
Lap 23,"[{'subject': [{'driver': 'STR'}], 'action': 'stop', 'object': {'main': ['for soft tyres']}}, {'subject': [{'driver': 'STR'}], 'action': 'drop to', 'object': {'position': ['15']}}, {'subject': [{'driver': 'MAG'}], 'action': 'box', 'object': {'main': ['for soft tyres']}}, {'subject': [{'driver': 'MAG'}], 'action': 'stay in', 'object': {'position': ['7']}}]",Write a live blog post describing the following events in a Formula 1 race: Agent1 | driver | STR [SEP] Action1 | stop [SEP] Object1 | main | for soft tyres [SEP] Agent2 | driver | STR [SEP] Action2 | drop to [SEP] Object2 | position | 15 [SEP] Agent3 | driver | MAG [SEP] Action3 | box [SEP] Object3 | main | for soft tyres [SEP] Agent4 | driver | MAG [SEP] Action4 | stay in [SEP] Object4 | position | 7,"Stroll has stopped for soft tyres, dropping to 15th. Magnussen boxes for the soft tyres and stays in seventh."
Lap 23,"[{'subject': [{'driver': 'GRO'}], 'action': 'drive', 'object': {'main': ['on tail'], 'driver': ['of OCO']}}, {'subject': [{'driver': 'OCO'}], 'action': 'might lose', 'object': {'main': ['P12'], 'driver': ['to GRO']}}]",Write a live blog post describing the following events in a Formula 1 race: Agent1 | driver | GRO [SEP] Action1 | drive [SEP] Object1 | main | on tail [SEP] Object1 | driver | of OCO [SEP] Agent2 | driver | OCO [SEP] Action2 | might lose [SEP] Object2 | main | P12 [SEP] Object2 | driver | to GRO,"Grosjean is driving on the tail of Ocon, who might lose P12 to him."
Lap 24,"[{'subject': [{'driver': 'OCO'}], 'action': 'overtake', 'object': {'driver': ['SIR']}}, {'subject': [{'driver': 'OCO'}], 'action': 'move up', 'object': {'position': ['11']}}]",Write a live blog post describing the following events in a Formula 1 race: Agent1 | driver | OCO [SEP] Action1 | overtake [SEP] Object1 | driver | SIR [SEP] Agent2 | driver | OCO [SEP] Action2 | move up [SEP] Object2 | position | 11,Ocon overtakes Sirotkin to move up to 11th.
Lap 25,"[{'subject': [{'driver': 'VAN'}], 'action': 'pass', 'object': {'driver': ['ERI']}}, {'subject': [{'driver': 'VAN'}], 'action': 'move up', 'object': {'position': ['15']}}]",Write a live blog post describing the following events in a Formula 1 race: Agent1 | driver | VAN [SEP] Action1 | pass [SEP] Object1 | driver | ERI [SEP] Agent2 | driver | VAN [SEP] Action2 | move up [SEP] Object2 | position | 15,Vandoorne passes Erijes to move up to 15th.
Lap 26,"[{'subject': [{'driver': 'RAI'}], 'action': 'make', 'object': {'main': ['pitstop', 'for soft tyres']}}, {'subject': [{'driver': 'RAI'}], 'action': 'drop to', 'object': {'position': ['6']}}]",Write a live blog post describing the following events in a Formula 1 race: Agent1 | driver | RAI [SEP] Action1 | make [SEP] Object1 | main | pitstop [SEP] Object1 | main | for soft tyres [SEP] Agent2 | driver | RAI [SEP] Action2 | drop to [SEP] Object2 | position | 6,Raikkonen makes a pitstop for soft tyres and drops to 6th.
Lap 26,"[{'subject': [{'driver': 'STR'}], 'action': 'overtake', 'object': {'driver': ['ERI']}}, {'subject': [{'driver': 'STR'}], 'action': 'move up', 'object': {'position': ['16']}}]",Write a live blog post describing the following events in a Formula 1 race: Agent1 | driver | STR [SEP] Action1 | overtake [SEP] Object1 | driver | ERI [SEP] Agent2 | driver | STR [SEP] Action2 | move up [SEP] Object2 | position | 16,Stroll has overtaken Erize to move up to 16th.
Lap 27,"[{'subject': [{'driver': 'SIR'}], 'action': 'pit', 'object': {'main': ['for soft tyres']}}, {'subject': [{'driver': 'SIR'}], 'action': 'stay in', 'object': {'position': ['14']}}]",Write a live blog post describing the following events in a Formula 1 race: Agent1 | driver | SIR [SEP] Action1 | pit [SEP] Object1 | main | for soft tyres [SEP] Agent2 | driver | SIR [SEP] Action2 | stay in [SEP] Object2 | position | 14,Sirotkin pits for soft tyres and stays in 14th.
Lap 28,"[{'subject': [{'driver': 'ALO'}], 'action': 'box', 'object': {'main': ['for soft tyres']}}, {'subject': [{'driver': 'ALO'}], 'action': 'drop to', 'object': {'position': ['13']}}]",Write a live blog post describing the following events in a Formula 1 race: Agent1 | driver | ALO [SEP] Action1 | box [SEP] Object1 | main | for soft tyres [SEP] Agent2 | driver | ALO [SEP] Action2 | drop to [SEP] Object2 | position | 13,Alonso boxes for soft tyres and drops to 13th.
Lap 29,"[{'subject': [{'driver': 'ERI'}], 'action': 'stop', 'object': {'main': ['for soft tyres']}}, {'subject': [{'driver': 'ERI'}], 'action': 'drop to', 'object': {'position': ['20']}}]",Write a live blog post describing the following events in a Formula 1 race: Agent1 | driver | ERI [SEP] Action1 | stop [SEP] Object1 | main | for soft tyres [SEP] Agent2 | driver | ERI [SEP] Action2 | drop to [SEP] Object2 | position | 20,Erize stops for soft tyres and drops to 20th.
Lap 29,"[{'subject': [{'driver': 'LEC'}], 'action': 'fly', 'object': {'driver': ['HAR'], 'main': ['past']}}, {'subject': [{'driver': 'LEC'}], 'action': 'move up', 'object': {'position': ['18']}}]",Write a live blog post describing the following events in a Formula 1 race: Agent1 | driver | LEC [SEP] Action1 | fly [SEP] Object1 | driver | HAR [SEP] Object1 | main | past [SEP] Agent2 | driver | LEC [SEP] Action2 | move up [SEP] Object2 | position | 18,Leclerc flies past Hulkenberg to move up to 18th.
Lap 29,"[{'subject': [{'driver': 'ALO'}], 'action': 'catch', 'object': {'driver': ['PER']}}, {'subject': [{'other': 'gap'}], 'action': 'be', 'object': {'main': ['down to', '3.12'], 'driver': ['PER'], 'timing': ['end of lap']}}]",Write a live blog post describing the following events in a Formula 1 race: Agent1 | driver | ALO [SEP] Action1 | catch [SEP] Object1 | driver | PER [SEP] Agent2 | other | gap [SEP] Action2 | be [SEP] Object2 | main | down to [SEP] Object2 | main | 3.12 [SEP] Object2 | driver | PER [SEP] Object2 | timing | end of lap,Alonso is catching Perez and the gap is down to 3.12s at the end of the lap.
Lap 30,"[{'subject': [{'driver': 'SAI'}], 'action': 'enter', 'object': {'main': ['pits', 'for ultrasoft tyres']}}, {'subject': [{'driver': 'SAI'}], 'action': 'drop to', 'object': {'position': ['11']}}, {'subject': [{'driver': 'OCO'}], 'action': 'stop', 'object': {'main': ['for soft tyres']}}, {'subject': [{'driver': 'OCO'}], 'action': 'drop to', 'object': {'position': ['12']}}, {'subject': [{'driver': ['HAR', 'VER', 'RIC', 'HUL']}], 'action': 'pit', 'object': {}}]","Write a live blog post describing the following events in a Formula 1 race: Agent1 | driver | SAI [SEP] Action1 | enter [SEP] Object1 | main | pits [SEP] Object1 | main | for ultrasoft tyres [SEP] Agent2 | driver | SAI [SEP] Action2 | drop to [SEP] Object2 | position | 11 [SEP] Agent3 | driver | OCO [SEP] Action3 | stop [SEP] Object3 | main | for soft tyres [SEP] Agent4 | driver | OCO [SEP] Action4 | drop to [SEP] Object4 | position | 12 [SEP] Agent5 | drivers | HAR, VER, RIC, HUL [SEP] Action5 | pit","Sainz pits for ultrasoft tyres, dropping to 11. Ocon also pits for soft tyres and drops to 12. Harrier, Verstappen, Ricciardo, Hulkenberg all pit."
Lap 31,"[{'subject': [{'driver': 'GAS'}], 'action': 'pit', 'object': {'main': ['from P16', 'to undercut'], 'driver': ['STR']}}, {'subject': [{'driver': 'STR'}], 'action': 'be', 'object': {'main': ['still out']}}, {'subject': [{'driver': 'PER'}], 'action': 'box', 'object': {'main': ['for ultrasoft tyres']}}, {'subject': [{'driver': 'PER'}], 'action': 'drop to', 'object': {'position': ['11']}}]",Write a live blog post describing the following events in a Formula 1 race: Agent1 | driver | GAS [SEP] Action1 | pit [SEP] Object1 | main | from P16 [SEP] Object1 | main | to undercut [SEP] Object1 | driver | STR [SEP] Agent2 | driver | STR [SEP] Action2 | be [SEP] Object2 | main | still out [SEP] Agent3 | driver | PER [SEP] Action3 | box [SEP] Object3 | main | for ultrasoft tyres [SEP] Agent4 | driver | PER [SEP] Action4 | drop to [SEP] Object4 | position | 11,"Gasly pits from P16 to undercut Stroll, who is still out. Perez boxes for ultrasoft tyres and drops to 11th."
Lap 31,"[{'subject': [{'driver': 'ALO'}], 'action': 'overtake', 'object': {'driver': ['PER']}}, {'subject': [{'driver': 'ALO'}], 'action': 'move up', 'object': {'position': ['10']}}, {'subject': [{'driver': 'PER'}], 'action': 'pass', 'object': {'driver': ['ALO']}}, {'subject': [{'driver': 'PER'}], 'action': 'move up', 'object': {'position': ['10']}}, {'subject': [{'driver': 'GAS'}], 'action': 'also gain', 'object': {'main': ['position']}}]",Write a live blog post describing the following events in a Formula 1 race: Agent1 | driver | ALO [SEP] Action1 | overtake [SEP] Object1 | driver | PER [SEP] Agent2 | driver | ALO [SEP] Action2 | move up [SEP] Object2 | position | 10 [SEP] Agent3 | driver | PER [SEP] Action3 | pass [SEP] Object3 | driver | ALO [SEP] Agent4 | driver | PER [SEP] Action4 | move up [SEP] Object4 | position | 10 [SEP] Agent5 | driver | GAS [SEP] Action5 | also gain [SEP] Object5 | main | position,"Alonso overtakes Perez to move up to 10th, as Perez passes Gasly. Gasly also gains a position."
Lap 31,"[{'subject': [{'other': 'safety car'}], 'action': 'deploy', 'object': {'timing': ['lap 31']}}]",Write a live blog post describing the following events in a Formula 1 race: Agent1 | other | safety car [SEP] Action1 | deploy [SEP] Object1 | timing | lap 31,The safety car is deployed on lap 31.
Lap 32,"[{'subject': [{'driver': 'PER'}], 'action': 'pit', 'object': {'main': ['for ultrasoft tyres']}}, {'subject': [{'driver': 'PER'}], 'action': 'drop to', 'object': {'position': ['15']}}]",Write a live blog post describing the following events in a Formula 1 race: Agent1 | driver | PER [SEP] Action1 | pit [SEP] Object1 | main | for ultrasoft tyres [SEP] Agent2 | driver | PER [SEP] Action2 | drop to [SEP] Object2 | position | 15,Perez pits for ultrasoft tyres and drops to 15th.
Lap 32,"[{'subject': [{'other': 'fia'}], 'action': 'wave', 'object': {'main': ['double yellow flag'], 'location': ['sector 17']}}, {'subject': [{'other': 'stewards'}], 'action': 'note', 'object': {'main': ['incident'], 'driver': ['GAS', 'HAR'], 'info': ['causing a collision'], 'location': ['turn 14']}}]",Write a live blog post describing the following events in a Formula 1 race: Agent1 | other | fia [SEP] Action1 | wave [SEP] Object1 | main | double yellow flag [SEP] Object1 | location | sector 17 [SEP] Agent2 | other | stewards [SEP] Action2 | note [SEP] Object2 | main | incident [SEP] Object2 | driver | GAS [SEP] Object2 | driver | HAR [SEP] Object2 | info | causing a collision [SEP] Object2 | location | turn 14,The FIA has waved a double yellow flag for the incident between Gasly and Perez at sector 17. The stewards note that the pair were causing a collision at turn 14.
Lap 33,"[{'subject': [{'driver': 'SIR'}], 'action': 'pit', 'object': {'main': ['for soft tyres']}}, {'subject': [{'driver': 'SIR'}], 'action': 'drop to', 'object': {'position': ['17']}}]",Write a live blog post describing the following events in a Formula 1 race: Agent1 | driver | SIR [SEP] Action1 | pit [SEP] Object1 | main | for soft tyres [SEP] Agent2 | driver | SIR [SEP] Action2 | drop to [SEP] Object2 | position | 17,Sirotkin pits for soft tyres and drops to 17th.
Lap 34,"[{'subject': [{'other': 'track'}], 'action': 'be', 'object': {'main': ['clear'], 'location': ['sector 17']}}]",Write a live blog post describing the following events in a Formula 1 race: Agent1 | other | track [SEP] Action1 | be [SEP] Object1 | main | clear [SEP] Object1 | location | sector 17,The track is clear from sector 17.
Lap 34,"[{'subject': [{'driver': 'VET'}], 'action': 'be', 'object': {'main': ['in DRS zone'], 'driver': ['of BOT']}}, {'subject': [{'driver': 'BOT'}], 'action': 'might lose', 'object': {'main': ['P1'], 'driver': ['to VET']}}]",Write a live blog post describing the following events in a Formula 1 race: Agent1 | driver | VET [SEP] Action1 | be [SEP] Object1 | main | in DRS zone [SEP] Object1 | driver | of BOT [SEP] Agent2 | driver | BOT [SEP] Action2 | might lose [SEP] Object2 | main | P1 [SEP] Object2 | driver | to VET,"Vettel is now in DRS zone ahead of Bottas, who might lose P1 to Vettel."
Lap 35,"[{'subject': [{'driver': 'SAI'}], 'action': 'fly', 'object': {'driver': ['GRO'], 'main': ['past']}}, {'subject': [{'driver': 'SAI'}], 'action': 'move up', 'object': {'position': ['10']}}, {'subject': [{'driver': 'OCO'}], 'action': 'overtake', 'object': {'driver': ['VAN']}}, {'subject': [{'driver': 'OCO'}], 'action': 'move up', 'object': {'position': ['12']}}, {'subject': [{'driver': 'PER'}, {'driver': 'PER'}, {'driver': 'GAS'}, {'driver': 'STR'}], 'action': 'also gain', 'object': {'main': ['position']}}]",Write a live blog post describing the following events in a Formula 1 race: Agent1 | driver | SAI [SEP] Action1 | fly [SEP] Object1 | driver | GRO [SEP] Object1 | main | past [SEP] Agent2 | driver | SAI [SEP] Action2 | move up [SEP] Object2 | position | 10 [SEP] Agent3 | driver | OCO [SEP] Action3 | overtake [SEP] Object3 | driver | VAN [SEP] Agent4 | driver | OCO [SEP] Action4 | move up [SEP] Object4 | position | 12 [SEP] Agent5 | driver | PER [SEP] Action5 | also gain [SEP] Object5 | main | position,Sainz flies past Grosjean to move up to 10th. Ocon overtakes Vandoorne to take 12th. Perez also gains a position.
Lap 35,"[{'subject': [{'car': 'safety car'}], 'action': 'will come', 'object': {'main': ['in pits'], 'timing': ['end of lap']}}, {'subject': [{'other': 'race'}], 'action': 'restart', 'object': {'main': ['soon']}}]",Write a live blog post describing the following events in a Formula 1 race: Agent1 | car | safety car [SEP] Action1 | will come [SEP] Object1 | main | in pits [SEP] Object1 | timing | end of lap [SEP] Agent2 | other | race [SEP] Action2 | restart [SEP] Object2 | main | soon,The safety car will come in the pits at the end of the race. The restart will be soon.
Lap 35,"[{'subject': [{'driver': 'ERI'}, {'driver': 'LEC'}], 'action': 'battle', 'object': {'main': ['for P18']}}, {'subject': [{'other': 'gap'}], 'action': 'be', 'object': {'main': ['down to'], 'gap': ['0.4s']}}]",Write a live blog post describing the following events in a Formula 1 race: Agent1 | driver | ERI [SEP] Action1 | battle [SEP] Object1 | main | for P18 [SEP] Agent2 | other | gap [SEP] Action2 | be [SEP] Object2 | main | down to [SEP] Object2 | gap | 0.4s,"Erias battles for P18, but the gap is down to 0.4s."
Lap 36,"[{'subject': [{'driver': 'RIC'}], 'action': 'overtake', 'object': {'driver': ['RAI']}}, {'subject': [{'driver': 'RIC'}], 'action': 'move up', 'object': {'position': ['5']}}]",Write a live blog post describing the following events in a Formula 1 race: Agent1 | driver | RIC [SEP] Action1 | overtake [SEP] Object1 | driver | RAI [SEP] Agent2 | driver | RIC [SEP] Action2 | move up [SEP] Object2 | position | 5,Ricciardo overtakes Raikkonen to move up to fifth.
Lap 36,"[{'subject': [{'driver': 'SAI'}], 'action': 'be threathening', 'object': {'driver': ['ALO'], 'main': ['for position']}}, {'subject': [{'driver': 'SAI'}], 'action': 'be', 'object': {'main': ['0.6s behind'], 'driver': ['ALO'], 'position': ['9']}}]",Write a live blog post describing the following events in a Formula 1 race: Agent1 | driver | SAI [SEP] Action1 | be threathening [SEP] Object1 | driver | ALO [SEP] Object1 | main | for position [SEP] Agent2 | driver | SAI [SEP] Action2 | be [SEP] Object2 | main | 0.6s behind [SEP] Object2 | driver | ALO [SEP] Object2 | position | 9,Sainz is threatening Alonso for position. He's 0.6s behind and 9s behind.
Lap 38,"[{'subject': [{'driver': 'RIC'}], 'action': 'pass', 'object': {'driver': ['VER']}}, {'subject': [{'driver': 'RIC'}], 'action': 'move up', 'object': {'position': ['4']}}]",Write a live blog post describing the following events in a Formula 1 race: Agent1 | driver | RIC [SEP] Action1 | pass [SEP] Object1 | driver | VER [SEP] Agent2 | driver | RIC [SEP] Action2 | move up [SEP] Object2 | position | 4,Ricciardo passes Verstappen to move up to fourth.
Lap 39,"[{'subject': [{'driver': 'RIC'}], 'action': 'overtake', 'object': {'driver': ['HAM']}}, {'subject': [{'driver': 'RIC'}], 'action': 'move up', 'object': {'position': ['3']}}]",Write a live blog post describing the following events in a Formula 1 race: Agent1 | driver | RIC [SEP] Action1 | overtake [SEP] Object1 | driver | HAM [SEP] Agent2 | driver | RIC [SEP] Action2 | move up [SEP] Object2 | position | 3,Ricciardo overtakes Hamilton to move up to 3rd.
Lap 39,"[{'subject': [{'driver': 'HAM'}], 'action': 'catch', 'object': {'driver': ['VET']}}, {'subject': [{'other': 'gap'}], 'action': 'be', 'object': {'main': ['down to', '0.49'], 'driver': ['VET'], 'timing': ['end of lap']}}]",Write a live blog post describing the following events in a Formula 1 race: Agent1 | driver | HAM [SEP] Action1 | catch [SEP] Object1 | driver | VET [SEP] Agent2 | other | gap [SEP] Action2 | be [SEP] Object2 | main | down to [SEP] Object2 | main | 0.49 [SEP] Object2 | driver | VET [SEP] Object2 | timing | end of lap,"Hamilton is catching Vettel, who is down to 0.49s at the end of the lap."
Lap 40,"[{'subject': [{'driver': 'RIC'}], 'action': 'be', 'object': {'main': ['in DRS zone'], 'driver': ['of VET']}}, {'subject': [{'driver': 'VET'}], 'action': 'might lose', 'object': {'main': ['P2'], 'driver': ['to RIC']}}]",Write a live blog post describing the following events in a Formula 1 race: Agent1 | driver | RIC [SEP] Action1 | be [SEP] Object1 | main | in DRS zone [SEP] Object1 | driver | of VET [SEP] Agent2 | driver | VET [SEP] Action2 | might lose [SEP] Object2 | main | P2 [SEP] Object2 | driver | to RIC,"Ricciardo is now in DRS zone ahead of Vettel, who might lose P2 to Ricciardo."
Lap 41,"[{'subject': [{'driver': 'RIC'}], 'action': 'overtake', 'object': {'driver': ['VET']}}, {'subject': [{'driver': 'RIC'}], 'action': 'move up', 'object': {'position': ['2']}}]",Write a live blog post describing the following events in a Formula 1 race: Agent1 | driver | RIC [SEP] Action1 | overtake [SEP] Object1 | driver | VET [SEP] Agent2 | driver | RIC [SEP] Action2 | move up [SEP] Object2 | position | 2,Ricciardo overtakes Vettel to move up to No. 2.
Lap 42,"[{'subject': [{'driver': 'HAM'}], 'action': 'pass', 'object': {'driver': ['VER']}}, {'subject': [{'driver': 'HAM'}], 'action': 'move up', 'object': {'position': ['4']}}]",Write a live blog post describing the following events in a Formula 1 race: Agent1 | driver | HAM [SEP] Action1 | pass [SEP] Object1 | driver | VER [SEP] Agent2 | driver | HAM [SEP] Action2 | move up [SEP] Object2 | position | 4,Hamilton passes Verstappen to move up to fourth.
Lap 42,"[{'subject': [{'driver': 'HUL'}], 'action': 'catch', 'object': {'driver': ['RAI']}}, {'subject': [{'other': 'gap'}], 'action': 'decrease', 'object': {'main': ['to', '0.42'], 'driver': ['RAI'], 'timing': ['this lap']}}]",Write a live blog post describing the following events in a Formula 1 race: Agent1 | driver | HUL [SEP] Action1 | catch [SEP] Object1 | driver | RAI [SEP] Agent2 | other | gap [SEP] Action2 | decrease [SEP] Object2 | main | to [SEP] Object2 | main | 0.42 [SEP] Object2 | driver | RAI [SEP] Object2 | timing | this lap,Hulkenberg has caught Raikkonen to decrease the gap to 0.42s this lap.
Lap 43,"[{'subject': [{'other': 'fia'}], 'action': 'wave', 'object': {'main': ['double yellow flag'], 'location': ['sector 17']}}]",Write a live blog post describing the following events in a Formula 1 race: Agent1 | other | fia [SEP] Action1 | wave [SEP] Object1 | main | double yellow flag [SEP] Object1 | location | sector 17,The FIA has waved a double yellow flag for sector 17.
Lap 44,"[{'subject': [{'other': 'fia'}], 'action': 'note', 'object': {'main': ['incident'], 'driver': ['VET', 'VER'], 'info': ['causing a collision'], 'location': ['turn 14']}}]",Write a live blog post describing the following events in a Formula 1 race: Agent1 | other | fia [SEP] Action1 | note [SEP] Object1 | main | incident [SEP] Object1 | driver | VET [SEP] Object1 | driver | VER [SEP] Object1 | info | causing a collision [SEP] Object1 | location | turn 14,"Vettel and Verstappen are causing a collision at turn 14, and the FIA is taking note of the incident."
Lap 45,"[{'subject': [{'driver': 'VAN'}], 'action': 'catch', 'object': {'driver': ['GRO']}}, {'subject': [{'other': 'gap'}], 'action': 'be', 'object': {'main': ['only', '1.36'], 'driver': ['GRO'], 'timing': ['now']}}]",Write a live blog post describing the following events in a Formula 1 race: Agent1 | driver | VAN [SEP] Action1 | catch [SEP] Object1 | driver | GRO [SEP] Agent2 | other | gap [SEP] Action2 | be [SEP] Object2 | main | only [SEP] Object2 | main | 1.36 [SEP] Object2 | driver | GRO [SEP] Object2 | timing | now,"Vandoorne is catching Grosjean now, but the gap is only 1.36s."
Lap 46,"[{'subject': [{'driver': 'GRO'}], 'action': 'make', 'object': {'main': ['pitstop', 'for medium tyres']}}, {'subject': [{'driver': 'GRO'}], 'action': 'drop to', 'object': {'position': ['16']}}]",Write a live blog post describing the following events in a Formula 1 race: Agent1 | driver | GRO [SEP] Action1 | make [SEP] Object1 | main | pitstop [SEP] Object1 | main | for medium tyres [SEP] Agent2 | driver | GRO [SEP] Action2 | drop to [SEP] Object2 | position | 16,Grosjean makes a pitstop for medium tyres and drops to 16th.
Lap 47,"[{'subject': [{'driver': 'GRO'}], 'action': 'be', 'object': {'main': ['in DRS zone'], 'driver': ['of HAR']}}, {'subject': [{'driver': 'HAR'}], 'action': 'might lose', 'object': {'main': ['P19'], 'driver': ['to GRO']}}]",Write a live blog post describing the following events in a Formula 1 race: Agent1 | driver | GRO [SEP] Action1 | be [SEP] Object1 | main | in DRS zone [SEP] Object1 | driver | of HAR [SEP] Agent2 | driver | HAR [SEP] Action2 | might lose [SEP] Object2 | main | P19 [SEP] Object2 | driver | to GRO,"Grosjean is in DRS zone ahead of Hulkenberg, who might lose P19 to the Red Bull driver."
Lap 48,"[{'subject': [{'driver': 'GRO'}], 'action': 'fly', 'object': {'driver': ['LEC'], 'main': ['past']}}, {'subject': [{'driver': 'GRO'}], 'action': 'move up', 'object': {'position': ['18']}}, {'subject': [{'driver': 'GRO'}], 'action': 'pass', 'object': {'driver': ['HAR']}}, {'subject': [{'driver': 'GRO'}], 'action': 'move up', 'object': {'position': ['19']}}]",Write a live blog post describing the following events in a Formula 1 race: Agent1 | driver | GRO [SEP] Action1 | fly [SEP] Object1 | driver | LEC [SEP] Object1 | main | past [SEP] Agent2 | driver | GRO [SEP] Action2 | move up [SEP] Object2 | position | 18 [SEP] Agent3 | driver | GRO [SEP] Action3 | pass [SEP] Object3 | driver | HAR [SEP] Agent4 | driver | GRO [SEP] Action4 | move up [SEP] Object4 | position | 19,Grosjean flies past Leclerc to move up from 18th to 19th. He also passes Harricot and Perez.
Lap 48,"[{'subject': [{'driver': 'RAI'}], 'action': 'be', 'object': {'main': ['in DRS zone'], 'driver': ['of BOT']}}, {'subject': [{'driver': 'BOT'}], 'action': 'might lose', 'object': {'main': ['P2'], 'driver': ['to RAI']}}]",Write a live blog post describing the following events in a Formula 1 race: Agent1 | driver | RAI [SEP] Action1 | be [SEP] Object1 | main | in DRS zone [SEP] Object1 | driver | of BOT [SEP] Agent2 | driver | BOT [SEP] Action2 | might lose [SEP] Object2 | main | P2 [SEP] Object2 | driver | to RAI,"Raikkonen is in DRS zone ahead of Bottas, who might lose P2 to Raikkonen."
Lap 51,"[{'subject': [{'driver': 'HAR'}], 'action': 'stop', 'object': {'main': ['for soft tyres']}}, {'subject': [{'driver': 'HAR'}], 'action': 'stay in', 'object': {'position': ['20']}}]",Write a live blog post describing the following events in a Formula 1 race: Agent1 | driver | HAR [SEP] Action1 | stop [SEP] Object1 | main | for soft tyres [SEP] Agent2 | driver | HAR [SEP] Action2 | stay in [SEP] Object2 | position | 20,Hulkenberg stops for soft tyres and stays in 20th.
Lap 52,"[{'subject': [{'driver': 'HAR'}], 'action': 'be out of', 'object': {'main': ['race']}}, {'subject': [{'other': 'his toro_rosso car'}], 'action': 'give up', 'object': {'timing': ['start of lap']}}]",Write a live blog post describing the following events in a Formula 1 race: Agent1 | driver | HAR [SEP] Action1 | be out of [SEP] Object1 | main | race [SEP] Agent2 | other | his toro_rosso car [SEP] Action2 | give up [SEP] Object2 | timing | start of lap,"Harlow is out of the race, having given up his Toro Rosso car at the start of the lap."
Lap 55,"[{'subject': [{'driver': 'HAM'}], 'action': 'fly', 'object': {'driver': ['VER'], 'main': ['past']}}, {'subject': [{'driver': 'HAM'}], 'action': 'move up', 'object': {'position': ['4']}}]",Write a live blog post describing the following events in a Formula 1 race: Agent1 | driver | HAM [SEP] Action1 | fly [SEP] Object1 | driver | VER [SEP] Object1 | main | past [SEP] Agent2 | driver | HAM [SEP] Action2 | move up [SEP] Object2 | position | 4,Hamilton flies past Verstappen to move up to fourth.
