Lap 3,"[{'subject': [{'driver': 'PER'}], 'action': 'fly', 'object': {'driver': ['MSC'], 'main': ['past']}}, {'subject': [{'driver': 'PER'}], 'action': 'move up', 'object': {'position': ['18']}}]",Write a live blog post describing the following events in a Formula 1 race: Agent1 | driver | PER [SEP] Action1 | fly [SEP] Object1 | driver | MSC [SEP] Object1 | main | past [SEP] Agent2 | driver | PER [SEP] Action2 | move up [SEP] Object2 | position | 18,Perez flies past Schumacher to move up to 18th.
Lap 4,"[{'subject': [{'driver': 'MSC'}], 'action': 'box', 'object': {'main': ['for soft tyres']}}, {'subject': [{'driver': 'MSC'}], 'action': 'drop to', 'object': {'position': ['20']}}]",Write a live blog post describing the following events in a Formula 1 race: Agent1 | driver | MSC [SEP] Action1 | box [SEP] Object1 | main | for soft tyres [SEP] Agent2 | driver | MSC [SEP] Action2 | drop to [SEP] Object2 | position | 20,Schumacher boxes for soft tyres and drops to 20th.
Lap 5,"[{'subject': [{'driver': 'MSC'}], 'action': 'come', 'object': {'main': ['in pits', 'for hard tyres']}}, {'subject': [{'driver': 'MSC'}], 'action': 'stay in', 'object': {'position': ['20']}}]",Write a live blog post describing the following events in a Formula 1 race: Agent1 | driver | MSC [SEP] Action1 | come [SEP] Object1 | main | in pits [SEP] Object1 | main | for hard tyres [SEP] Agent2 | driver | MSC [SEP] Action2 | stay in [SEP] Object2 | position | 20,Schumacher comes in the pits for hard tyres and stays in 20th.
Lap 8,"[{'subject': [{'driver': 'PER'}], 'action': 'pit', 'object': {'main': ['for hard tyres']}}, {'subject': [{'driver': 'PER'}], 'action': 'drop to', 'object': {'position': ['19']}}]",Write a live blog post describing the following events in a Formula 1 race: Agent1 | driver | PER [SEP] Action1 | pit [SEP] Object1 | main | for hard tyres [SEP] Agent2 | driver | PER [SEP] Action2 | drop to [SEP] Object2 | position | 19,Perez pits for hard tyres and drops to 19th.
Lap 9,"[{'subject': [{'driver': 'PER'}], 'action': 'stop', 'object': {'main': ['for medium tyres']}}, {'subject': [{'driver': 'PER'}], 'action': 'stay in', 'object': {'position': ['19']}}]",Write a live blog post describing the following events in a Formula 1 race: Agent1 | driver | PER [SEP] Action1 | stop [SEP] Object1 | main | for medium tyres [SEP] Agent2 | driver | PER [SEP] Action2 | stay in [SEP] Object2 | position | 19,Perez stops for medium tyres and stays in 19th.
Lap 9,"[{'subject': [{'driver': 'HAM'}], 'action': 'set', 'object': {'main': ['new fastest lap'], 'lap_time': ['74.75']}}]",Write a live blog post describing the following events in a Formula 1 race: Agent1 | driver | HAM [SEP] Action1 | set [SEP] Object1 | main | new fastest lap [SEP] Object1 | lap_time | 74.75,Hamilton sets a new fastest lap of 74.75s.
Lap 10,"[{'subject': [{'driver': 'VET'}], 'action': 'stop', 'object': {'main': ['for hard tyres']}}, {'subject': [{'driver': 'VET'}], 'action': 'drop to', 'object': {'position': ['19']}}]",Write a live blog post describing the following events in a Formula 1 race: Agent1 | driver | VET [SEP] Action1 | stop [SEP] Object1 | main | for hard tyres [SEP] Agent2 | driver | VET [SEP] Action2 | drop to [SEP] Object2 | position | 19,Vettel pits for hard tyres and drops to 19th.
Lap 10,"[{'subject': [{'driver': 'PER'}, {'driver': 'LAT'}], 'action': 'battle', 'object': {'main': ['for P17']}}, {'subject': [{'other': 'gap'}], 'action': 'be', 'object': {'main': ['only'], 'gap': ['0s']}}]",Write a live blog post describing the following events in a Formula 1 race: Agent1 | driver | PER [SEP] Action1 | battle [SEP] Object1 | main | for P17 [SEP] Agent2 | other | gap [SEP] Action2 | be [SEP] Object2 | main | only [SEP] Object2 | gap | 0s,"Perez battles for P17, but the gap is only 0s."
Lap 11,"[{'subject': [{'driver': 'VET'}], 'action': 'come', 'object': {'main': ['in pits', 'for hard tyres']}}, {'subject': [{'driver': 'VET'}], 'action': 'stay in', 'object': {'position': ['19']}}]",Write a live blog post describing the following events in a Formula 1 race: Agent1 | driver | VET [SEP] Action1 | come [SEP] Object1 | main | in pits [SEP] Object1 | main | for hard tyres [SEP] Agent2 | driver | VET [SEP] Action2 | stay in [SEP] Object2 | position | 19,Vettel comes in the pits for hard tyres and stays in 19th.
Lap 12,"[{'subject': [{'driver': 'LAT'}], 'action': 'pass', 'object': {'driver': ['MAZ']}}, {'subject': [{'driver': 'LAT'}], 'action': 'move up', 'object': {'position': ['16']}}]",Write a live blog post describing the following events in a Formula 1 race: Agent1 | driver | LAT [SEP] Action1 | pass [SEP] Object1 | driver | MAZ [SEP] Agent2 | driver | LAT [SEP] Action2 | move up [SEP] Object2 | position | 16,Latifi passes Mazepin to move up to 16th.
Lap 14,"[{'subject': [{'driver': 'PER'}], 'action': 'approach', 'object': {'driver': ['MAZ']}}, {'subject': [{'other': 'gap'}], 'action': 'be', 'object': {'main': ['only', '0.97'], 'driver': ['MAZ'], 'timing': ['currently']}}]",Write a live blog post describing the following events in a Formula 1 race: Agent1 | driver | PER [SEP] Action1 | approach [SEP] Object1 | driver | MAZ [SEP] Agent2 | other | gap [SEP] Action2 | be [SEP] Object2 | main | only [SEP] Object2 | main | 0.97 [SEP] Object2 | driver | MAZ [SEP] Object2 | timing | currently,"Perez is approaching Magnussen, but the gap is only 0.97s currently."
Lap 15,"[{'subject': [{'driver': 'PER'}], 'action': 'overtake', 'object': {'driver': ['MAZ']}}, {'subject': [{'driver': 'PER'}], 'action': 'move up', 'object': {'position': ['17']}}]",Write a live blog post describing the following events in a Formula 1 race: Agent1 | driver | PER [SEP] Action1 | overtake [SEP] Object1 | driver | MAZ [SEP] Agent2 | driver | PER [SEP] Action2 | move up [SEP] Object2 | position | 17,Perez overtakes Mazepin to move up to 17th.
Lap 15,"[{'subject': [{'driver': 'MAZ'}], 'action': 'catch', 'object': {'driver': ['LAT']}}, {'subject': [{'other': 'gap'}], 'action': 'be', 'object': {'main': ['only', '0.08'], 'driver': ['LAT'], 'timing': ['now']}}]",Write a live blog post describing the following events in a Formula 1 race: Agent1 | driver | MAZ [SEP] Action1 | catch [SEP] Object1 | driver | LAT [SEP] Agent2 | other | gap [SEP] Action2 | be [SEP] Object2 | main | only [SEP] Object2 | main | 0.08 [SEP] Object2 | driver | LAT [SEP] Object2 | timing | now,"Mazda is catching Latifi now, but the gap is only 0.08s."
Lap 16,"[{'subject': [{'driver': 'PER'}], 'action': 'catch', 'object': {'driver': ['LAT']}}, {'subject': [{'other': 'gap'}], 'action': 'be', 'object': {'main': ['only', '2.37'], 'driver': ['LAT'], 'timing': ['currently']}}]",Write a live blog post describing the following events in a Formula 1 race: Agent1 | driver | PER [SEP] Action1 | catch [SEP] Object1 | driver | LAT [SEP] Agent2 | other | gap [SEP] Action2 | be [SEP] Object2 | main | only [SEP] Object2 | main | 2.37 [SEP] Object2 | driver | LAT [SEP] Object2 | timing | currently,"Perez is catching Latifi, who is only 2.37s behind him currently."
Lap 17,"[{'subject': [{'driver': 'PER'}, {'driver': 'LAT'}], 'action': 'fight', 'object': {'main': ['for P16']}}, {'subject': [{'other': 'gap'}], 'action': 'be', 'object': {'main': ['down to'], 'gap': ['0.5s']}}]",Write a live blog post describing the following events in a Formula 1 race: Agent1 | driver | PER [SEP] Action1 | fight [SEP] Object1 | main | for P16 [SEP] Agent2 | other | gap [SEP] Action2 | be [SEP] Object2 | main | down to [SEP] Object2 | gap | 0.5s,"Perez is fighting for P16, but the gap is down to 0.5s."
Lap 18,"[{'subject': [{'driver': 'PER'}], 'action': 'fly', 'object': {'driver': ['LAT'], 'main': ['past']}}, {'subject': [{'driver': 'PER'}], 'action': 'move up', 'object': {'position': ['16']}}]",Write a live blog post describing the following events in a Formula 1 race: Agent1 | driver | PER [SEP] Action1 | fly [SEP] Object1 | driver | LAT [SEP] Object1 | main | past [SEP] Agent2 | driver | PER [SEP] Action2 | move up [SEP] Object2 | position | 16,Perez flies past Latifi to move up to 16th.
Lap 19,"[{'subject': [{'driver': 'PER'}, {'driver': 'KUB'}], 'action': 'battle', 'object': {'main': ['for P15']}}, {'subject': [{'other': 'gap'}], 'action': 'be', 'object': {'main': ['only'], 'gap': ['0.5s']}}]",Write a live blog post describing the following events in a Formula 1 race: Agent1 | driver | PER [SEP] Action1 | battle [SEP] Object1 | main | for P15 [SEP] Agent2 | other | gap [SEP] Action2 | be [SEP] Object2 | main | only [SEP] Object2 | gap | 0.5s,"Perez battles for P15, but the gap is only 0.5s."
Lap 20,"[{'subject': [{'driver': 'HAM'}], 'action': 'pit', 'object': {'main': ['for medium tyres']}}, {'subject': [{'driver': 'HAM'}], 'action': 'drop to', 'object': {'position': ['3']}}]",Write a live blog post describing the following events in a Formula 1 race: Agent1 | driver | HAM [SEP] Action1 | pit [SEP] Object1 | main | for medium tyres [SEP] Agent2 | driver | HAM [SEP] Action2 | drop to [SEP] Object2 | position | 3,Hamilton pits for medium tyres and drops to 3rd.
Lap 20,"[{'subject': [{'driver': 'PER'}], 'action': 'catch', 'object': {'driver': ['TSU']}}, {'subject': [{'other': 'gap'}], 'action': 'decrease', 'object': {'main': ['to', '2.37'], 'driver': ['TSU'], 'timing': ['now']}}]",Write a live blog post describing the following events in a Formula 1 race: Agent1 | driver | PER [SEP] Action1 | catch [SEP] Object1 | driver | TSU [SEP] Agent2 | other | gap [SEP] Action2 | decrease [SEP] Object2 | main | to [SEP] Object2 | main | 2.37 [SEP] Object2 | driver | TSU [SEP] Object2 | timing | now,Perez has caught Tsunoda to decrease the gap to 2.37s now.
Lap 21,"[{'subject': [{'driver': 'VER'}], 'action': 'enter', 'object': {'main': ['pits', 'for medium tyres']}}, {'subject': [{'driver': 'VER'}], 'action': 'stay in', 'object': {'position': ['1']}}, {'subject': [{'driver': 'HAM'}], 'action': 'make', 'object': {'main': ['pitstop', 'for medium tyres']}}, {'subject': [{'driver': 'HAM'}], 'action': 'stay in', 'object': {'position': ['3']}}]",Write a live blog post describing the following events in a Formula 1 race: Agent1 | driver | VER [SEP] Action1 | enter [SEP] Object1 | main | pits [SEP] Object1 | main | for medium tyres [SEP] Agent2 | driver | VER [SEP] Action2 | stay in [SEP] Object2 | position | 1 [SEP] Agent3 | driver | HAM [SEP] Action3 | make [SEP] Object3 | main | pitstop [SEP] Object3 | main | for medium tyres [SEP] Agent4 | driver | HAM [SEP] Action4 | stay in [SEP] Object4 | position | 3,"Verstappen pits for medium tyres and stays in 1st, while Hamilton makes a pitstop for mediums. Hamilton stays in 3rd."
Lap 22,"[{'subject': [{'driver': 'HAM'}], 'action': 'set', 'object': {'main': ['new fastest lap'], 'lap_time': ['73.757']}}]",Write a live blog post describing the following events in a Formula 1 race: Agent1 | driver | HAM [SEP] Action1 | set [SEP] Object1 | main | new fastest lap [SEP] Object1 | lap_time | 73.757,Hamilton sets a new fastest lap of 73.757s.
Lap 23,"[{'subject': [{'driver': 'PER'}], 'action': 'pass', 'object': {'driver': ['TSU']}}, {'subject': [{'driver': 'PER'}], 'action': 'move up', 'object': {'position': ['14']}}]",Write a live blog post describing the following events in a Formula 1 race: Agent1 | driver | PER [SEP] Action1 | pass [SEP] Object1 | driver | TSU [SEP] Agent2 | driver | PER [SEP] Action2 | move up [SEP] Object2 | position | 14,Perez passes Tsunoda to move up to 14th.
Lap 24,"[{'subject': [{'driver': 'GAS'}], 'action': 'come', 'object': {'main': ['in pits', 'for medium tyres']}}, {'subject': [{'driver': 'GAS'}], 'action': 'drop to', 'object': {'position': ['6']}}, {'subject': [{'driver': 'LAT'}], 'action': 'come', 'object': {'main': ['in pits', 'for hard tyres']}}, {'subject': [{'driver': 'LAT'}], 'action': 'drop to', 'object': {'position': ['19']}}]",Write a live blog post describing the following events in a Formula 1 race: Agent1 | driver | GAS [SEP] Action1 | come [SEP] Object1 | main | in pits [SEP] Object1 | main | for medium tyres [SEP] Agent2 | driver | GAS [SEP] Action2 | drop to [SEP] Object2 | position | 6 [SEP] Agent3 | driver | LAT [SEP] Action3 | come [SEP] Object3 | main | in pits [SEP] Object3 | main | for hard tyres [SEP] Agent4 | driver | LAT [SEP] Action4 | drop to [SEP] Object4 | position | 19,"Gasly comes in the pits for medium tyres and drops to 6th. Latifi comes in for hard tyres, dropping to 19th."
Lap 24,"[{'subject': [{'driver': 'VET'}], 'action': 'overtake', 'object': {'driver': ['MAZ']}}, {'subject': [{'driver': 'VET'}], 'action': 'move up', 'object': {'position': ['17']}}]",Write a live blog post describing the following events in a Formula 1 race: Agent1 | driver | VET [SEP] Action1 | overtake [SEP] Object1 | driver | MAZ [SEP] Agent2 | driver | VET [SEP] Action2 | move up [SEP] Object2 | position | 17,Vettel overtakes Mazepin to move up to 17th.
Lap 25,"[{'subject': [{'driver': 'NOR'}, {'driver': 'STR'}], 'action': 'battle', 'object': {'main': ['for P12']}}, {'subject': [{'other': 'gap'}], 'action': 'be', 'object': {'main': ['down to'], 'gap': ['0.6s']}}]",Write a live blog post describing the following events in a Formula 1 race: Agent1 | driver | NOR [SEP] Action1 | battle [SEP] Object1 | main | for P12 [SEP] Agent2 | other | gap [SEP] Action2 | be [SEP] Object2 | main | down to [SEP] Object2 | gap | 0.6s,"Norris battles for P12, with the gap down to 0.6s."
Lap 26,"[{'subject': [{'driver': 'VER'}], 'action': 'approach', 'object': {'driver': ['BOT']}}, {'subject': [{'other': 'gap'}], 'action': 'be', 'object': {'main': ['only', '2.69'], 'driver': ['BOT'], 'timing': ['this lap']}}]",Write a live blog post describing the following events in a Formula 1 race: Agent1 | driver | VER [SEP] Action1 | approach [SEP] Object1 | driver | BOT [SEP] Agent2 | other | gap [SEP] Action2 | be [SEP] Object2 | main | only [SEP] Object2 | main | 2.69 [SEP] Object2 | driver | BOT [SEP] Object2 | timing | this lap,"Verstappen is approaching Bottas, who is only 2.69s behind this lap."
Lap 27,"[{'subject': [{'driver': 'GIO'}], 'action': 'pit', 'object': {'main': ['from P10', 'to undercut'], 'driver': ['RIC']}}, {'subject': [{'driver': 'RIC'}], 'action': 'be', 'object': {'main': ['still out']}}, {'subject': [{'driver': 'RUS'}], 'action': 'enter', 'object': {'main': ['pits', 'for medium tyres']}}, {'subject': [{'driver': 'RUS'}], 'action': 'drop to', 'object': {'position': ['14']}}, {'subject': [{'driver': ['STR']}], 'action': 'pit', 'object': {}}]",Write a live blog post describing the following events in a Formula 1 race: Agent1 | driver | GIO [SEP] Action1 | pit [SEP] Object1 | main | from P10 [SEP] Object1 | main | to undercut [SEP] Object1 | driver | RIC [SEP] Agent2 | driver | RIC [SEP] Action2 | be [SEP] Object2 | main | still out [SEP] Agent3 | driver | RUS [SEP] Action3 | enter [SEP] Object3 | main | pits [SEP] Object3 | main | for medium tyres [SEP] Agent4 | driver | RUS [SEP] Action4 | drop to [SEP] Object4 | position | 14 [SEP] Agent5 | drivers | STR [SEP] Action5 | pit,"Giovinazzi pits from P10 to undercut Ricciardo, who is still out. Russell pits for medium tyres and drops to 14th. Stroll also pits."
Lap 27,"[{'subject': [{'driver': 'GAS'}], 'action': 'fly', 'object': {'driver': ['ALO'], 'main': ['past']}}, {'subject': [{'driver': 'GAS'}], 'action': 'move up', 'object': {'position': ['6']}}]",Write a live blog post describing the following events in a Formula 1 race: Agent1 | driver | GAS [SEP] Action1 | fly [SEP] Object1 | driver | ALO [SEP] Object1 | main | past [SEP] Agent2 | driver | GAS [SEP] Action2 | move up [SEP] Object2 | position | 6,Gasly flies past Alonso to move up to sixth.
Lap 28,"[{'subject': [{'driver': 'STR'}], 'action': 'come', 'object': {'main': ['in pits', 'for hard tyres']}}, {'subject': [{'driver': 'STR'}], 'action': 'drop to', 'object': {'position': ['16']}}]",Write a live blog post describing the following events in a Formula 1 race: Agent1 | driver | STR [SEP] Action1 | come [SEP] Object1 | main | in pits [SEP] Object1 | main | for hard tyres [SEP] Agent2 | driver | STR [SEP] Action2 | drop to [SEP] Object2 | position | 16,Stroll comes in the pits for hard tyres and drops to 16th.
Lap 30,"[{'subject': [{'driver': 'LAT'}], 'action': 'overtake', 'object': {'driver': ['MAZ']}}, {'subject': [{'driver': 'LAT'}], 'action': 'move up', 'object': {'position': ['18']}}]",Write a live blog post describing the following events in a Formula 1 race: Agent1 | driver | LAT [SEP] Action1 | overtake [SEP] Object1 | driver | MAZ [SEP] Agent2 | driver | LAT [SEP] Action2 | move up [SEP] Object2 | position | 18,Latifi overtakes Mazepin to move up to 18th.
Lap 31,"[{'subject': [{'driver': 'RIC'}], 'action': 'pit', 'object': {'main': ['from P9', 'to undercut'], 'driver': ['OCO']}}, {'subject': [{'driver': 'OCO'}], 'action': 'be', 'object': {'main': ['still out']}}, {'subject': [{'driver': 'SAI'}], 'action': 'box', 'object': {'main': ['for soft tyres']}}, {'subject': [{'driver': 'SAI'}], 'action': 'drop to', 'object': {'position': ['6']}}, {'subject': [{'driver': ['BOT']}], 'action': 'pit', 'object': {}}]",Write a live blog post describing the following events in a Formula 1 race: Agent1 | driver | RIC [SEP] Action1 | pit [SEP] Object1 | main | from P9 [SEP] Object1 | main | to undercut [SEP] Object1 | driver | OCO [SEP] Agent2 | driver | OCO [SEP] Action2 | be [SEP] Object2 | main | still out [SEP] Agent3 | driver | SAI [SEP] Action3 | box [SEP] Object3 | main | for soft tyres [SEP] Agent4 | driver | SAI [SEP] Action4 | drop to [SEP] Object4 | position | 6 [SEP] Agent5 | drivers | BOT [SEP] Action5 | pit,"Ricciardo pits from P9 to undercut Ocon, who is still out. Sainz boxes for soft tyres and drops to 6th. Bottas pits."
Lap 32,"[{'subject': [{'driver': 'OCO'}], 'action': 'pit', 'object': {'main': ['for medium tyres']}}, {'subject': [{'driver': 'OCO'}], 'action': 'drop to', 'object': {'position': ['10']}}, {'subject': [{'driver': 'TSU'}], 'action': 'make', 'object': {'main': ['pitstop', 'for medium tyres']}}, {'subject': [{'driver': 'TSU'}], 'action': 'drop to', 'object': {'position': ['13']}}, {'subject': [{'driver': ['SAI', 'BOT', 'MSC']}], 'action': 'pit', 'object': {}}]","Write a live blog post describing the following events in a Formula 1 race: Agent1 | driver | OCO [SEP] Action1 | pit [SEP] Object1 | main | for medium tyres [SEP] Agent2 | driver | OCO [SEP] Action2 | drop to [SEP] Object2 | position | 10 [SEP] Agent3 | driver | TSU [SEP] Action3 | make [SEP] Object3 | main | pitstop [SEP] Object3 | main | for medium tyres [SEP] Agent4 | driver | TSU [SEP] Action4 | drop to [SEP] Object4 | position | 13 [SEP] Agent5 | drivers | SAI, BOT, MSC [SEP] Action5 | pit","Ocon pits for medium tyres, dropping to 10th. Tsunoda makes a pitstop for mediums as well. He drops to 13. Sainz, Bottas, Schumacher and Magnussen also pit."
Lap 33,"[{'subject': [{'driver': 'ALO'}], 'action': 'come', 'object': {'main': ['in pits', 'for medium tyres']}}, {'subject': [{'driver': 'ALO'}], 'action': 'drop to', 'object': {'position': ['9']}}, {'subject': [{'driver': 'TSU'}], 'action': 'enter', 'object': {'main': ['pits', 'for medium tyres']}}, {'subject': [{'driver': 'TSU'}], 'action': 'stay in', 'object': {'position': ['17']}}, {'subject': [{'driver': ['MSC']}], 'action': 'pit', 'object': {}}]",Write a live blog post describing the following events in a Formula 1 race: Agent1 | driver | ALO [SEP] Action1 | come [SEP] Object1 | main | in pits [SEP] Object1 | main | for medium tyres [SEP] Agent2 | driver | ALO [SEP] Action2 | drop to [SEP] Object2 | position | 9 [SEP] Agent3 | driver | TSU [SEP] Action3 | enter [SEP] Object3 | main | pits [SEP] Object3 | main | for medium tyres [SEP] Agent4 | driver | TSU [SEP] Action4 | stay in [SEP] Object4 | position | 17 [SEP] Agent5 | drivers | MSC [SEP] Action5 | pit,"Alonso comes in the pits for medium tyres, dropping to 9th. Tsunoda and Verstappen also pit for mediums, while Stroll stays in 17."
Lap 33,"[{'subject': [{'driver': 'STR'}], 'action': 'pass', 'object': {'driver': ['KUB']}}, {'subject': [{'driver': 'STR'}], 'action': 'move up', 'object': {'position': ['14']}}]",Write a live blog post describing the following events in a Formula 1 race: Agent1 | driver | STR [SEP] Action1 | pass [SEP] Object1 | driver | KUB [SEP] Agent2 | driver | STR [SEP] Action2 | move up [SEP] Object2 | position | 14,Stroll passes Kubica to move up to 14th.
Lap 34,"[{'subject': [{'driver': 'GIO'}], 'action': 'stop', 'object': {'main': ['for hard tyres']}}, {'subject': [{'driver': 'GIO'}], 'action': 'drop to', 'object': {'position': ['18']}}, {'subject': [{'driver': 'LEC'}], 'action': 'come', 'object': {'main': ['in pits', 'for hard tyres']}}, {'subject': [{'driver': 'LEC'}], 'action': 'drop to', 'object': {'position': ['5']}}, {'subject': [{'driver': ['ALO', 'MAZ']}], 'action': 'pit', 'object': {}}]","Write a live blog post describing the following events in a Formula 1 race: Agent1 | driver | GIO [SEP] Action1 | stop [SEP] Object1 | main | for hard tyres [SEP] Agent2 | driver | GIO [SEP] Action2 | drop to [SEP] Object2 | position | 18 [SEP] Agent3 | driver | LEC [SEP] Action3 | come [SEP] Object3 | main | in pits [SEP] Object3 | main | for hard tyres [SEP] Agent4 | driver | LEC [SEP] Action4 | drop to [SEP] Object4 | position | 5 [SEP] Agent5 | drivers | ALO, MAZ [SEP] Action5 | pit","Giovinazzi stops for hard tyres, dropping to 18th. Leclerc comes in pits for the hard tyres and drops to 5th. Alonso, Mazepin and Perez also pit."
Lap 35,"[{'subject': [{'driver': 'LEC'}], 'action': 'stop', 'object': {'main': ['for hard tyres']}}, {'subject': [{'driver': 'LEC'}], 'action': 'stay in', 'object': {'position': ['5']}}, {'subject': [{'driver': 'MAZ'}], 'action': 'pit', 'object': {'main': ['for hard tyres']}}, {'subject': [{'driver': 'MAZ'}], 'action': 'stay in', 'object': {'position': ['19']}}]",Write a live blog post describing the following events in a Formula 1 race: Agent1 | driver | LEC [SEP] Action1 | stop [SEP] Object1 | main | for hard tyres [SEP] Agent2 | driver | LEC [SEP] Action2 | stay in [SEP] Object2 | position | 5 [SEP] Agent3 | driver | MAZ [SEP] Action3 | pit [SEP] Object3 | main | for hard tyres [SEP] Agent4 | driver | MAZ [SEP] Action4 | stay in [SEP] Object4 | position | 19,"Leclerc pits for hard tyres, staying in 5th. Magnussen pits for soft tyres and stays in 19th."
Lap 37,"[{'subject': [{'other': 'race control'}], 'action': 'wave', 'object': {'main': ['double yellow flag'], 'location': ['sector 5']}}]",Write a live blog post describing the following events in a Formula 1 race: Agent1 | other | race control [SEP] Action1 | wave [SEP] Object1 | main | double yellow flag [SEP] Object1 | location | sector 5,The race control team has waved a double yellow flag for sector 5.
Lap 37,"[{'subject': [{'driver': 'TSU'}], 'action': 'catch', 'object': {'driver': ['KUB']}}, {'subject': [{'other': 'gap'}], 'action': 'decrease', 'object': {'main': ['to', '2.06'], 'driver': ['KUB'], 'timing': ['end of lap']}}]",Write a live blog post describing the following events in a Formula 1 race: Agent1 | driver | TSU [SEP] Action1 | catch [SEP] Object1 | driver | KUB [SEP] Agent2 | other | gap [SEP] Action2 | decrease [SEP] Object2 | main | to [SEP] Object2 | main | 2.06 [SEP] Object2 | driver | KUB [SEP] Object2 | timing | end of lap,Tsuoda has caught Kubica and the gap has decreased to 2.06s at the end of the lap.
Lap 39,"[{'subject': [{'driver': 'HAM'}], 'action': 'enter', 'object': {'main': ['pits', 'for medium tyres']}}, {'subject': [{'driver': 'HAM'}], 'action': 'stay in', 'object': {'position': ['2']}}]",Write a live blog post describing the following events in a Formula 1 race: Agent1 | driver | HAM [SEP] Action1 | enter [SEP] Object1 | main | pits [SEP] Object1 | main | for medium tyres [SEP] Agent2 | driver | HAM [SEP] Action2 | stay in [SEP] Object2 | position | 2,Hamilton pits for medium tyres and stays in 2nd.
Lap 39,"[{'subject': [{'driver': 'TSU'}], 'action': 'overtake', 'object': {'driver': ['KUB']}}, {'subject': [{'driver': 'TSU'}], 'action': 'move up', 'object': {'position': ['14']}}]",Write a live blog post describing the following events in a Formula 1 race: Agent1 | driver | TSU [SEP] Action1 | overtake [SEP] Object1 | driver | KUB [SEP] Agent2 | driver | TSU [SEP] Action2 | move up [SEP] Object2 | position | 14,Tsukoda overtakes Kubica to move up to 14th.
Lap 40,"[{'subject': [{'driver': 'VER'}], 'action': 'box', 'object': {'main': ['for hard tyres']}}, {'subject': [{'driver': 'VER'}], 'action': 'stay in', 'object': {'position': ['1']}}, {'subject': [{'driver': 'HAM'}], 'action': 'stop', 'object': {'main': ['for medium tyres']}}, {'subject': [{'driver': 'HAM'}], 'action': 'stay in', 'object': {'position': ['2']}}]",Write a live blog post describing the following events in a Formula 1 race: Agent1 | driver | VER [SEP] Action1 | box [SEP] Object1 | main | for hard tyres [SEP] Agent2 | driver | VER [SEP] Action2 | stay in [SEP] Object2 | position | 1 [SEP] Agent3 | driver | HAM [SEP] Action3 | stop [SEP] Object3 | main | for medium tyres [SEP] Agent4 | driver | HAM [SEP] Action4 | stay in [SEP] Object4 | position | 2,"Verstappen boxes for hard tyres and stays in 1st, while Hamilton stops for medium tyres. Hamilton stays in 2nd."
Lap 40,"[{'subject': [{'driver': 'LAT'}], 'action': 'be threathening', 'object': {'driver': ['KUB'], 'main': ['for position']}}, {'subject': [{'driver': 'LAT'}], 'action': 'be', 'object': {'main': ['0.5s behind'], 'driver': ['KUB'], 'position': ['15']}}]",Write a live blog post describing the following events in a Formula 1 race: Agent1 | driver | LAT [SEP] Action1 | be threathening [SEP] Object1 | driver | KUB [SEP] Object1 | main | for position [SEP] Agent2 | driver | LAT [SEP] Action2 | be [SEP] Object2 | main | 0.5s behind [SEP] Object2 | driver | KUB [SEP] Object2 | position | 15,Latifi is threatening Kubica for position. He's 0.5s behind and 15s behind.
Lap 41,"[{'subject': [{'driver': 'KUB'}], 'action': 'make', 'object': {'main': ['pitstop', 'for hard tyres']}}, {'subject': [{'driver': 'KUB'}], 'action': 'drop to', 'object': {'position': ['18']}}]",Write a live blog post describing the following events in a Formula 1 race: Agent1 | driver | KUB [SEP] Action1 | make [SEP] Object1 | main | pitstop [SEP] Object1 | main | for hard tyres [SEP] Agent2 | driver | KUB [SEP] Action2 | drop to [SEP] Object2 | position | 18,Kubica makes a pitstop for hard tyres and drops to 18th.
Lap 42,"[{'subject': [{'driver': 'KUB'}], 'action': 'make', 'object': {'main': ['pitstop', 'for hard tyres']}}, {'subject': [{'driver': 'KUB'}], 'action': 'stay in', 'object': {'position': ['18']}}]",Write a live blog post describing the following events in a Formula 1 race: Agent1 | driver | KUB [SEP] Action1 | make [SEP] Object1 | main | pitstop [SEP] Object1 | main | for hard tyres [SEP] Agent2 | driver | KUB [SEP] Action2 | stay in [SEP] Object2 | position | 18,Kubica makes a pitstop for hard tyres and stays in 18th.
Lap 42,"[{'subject': [{'driver': 'GIO'}, {'driver': 'VET'}], 'action': 'fight', 'object': {'main': ['for P16']}}, {'subject': [{'other': 'gap'}], 'action': 'be', 'object': {'main': ['only'], 'gap': ['0.7s']}}]",Write a live blog post describing the following events in a Formula 1 race: Agent1 | driver | GIO [SEP] Action1 | fight [SEP] Object1 | main | for P16 [SEP] Agent2 | other | gap [SEP] Action2 | be [SEP] Object2 | main | only [SEP] Object2 | gap | 0.7s,"Giovinazzi is fighting for P16, but the gap is only 0.7s."
Lap 43,"[{'subject': [{'driver': 'NOR'}], 'action': 'enter', 'object': {'main': ['pits', 'for hard tyres']}}, {'subject': [{'driver': 'NOR'}], 'action': 'drop to', 'object': {'position': ['10']}}, {'subject': [{'driver': 'MAZ'}], 'action': 'enter', 'object': {'main': ['pits', 'for hard tyres']}}, {'subject': [{'driver': 'MAZ'}], 'action': 'stay in', 'object': {'position': ['19']}}]",Write a live blog post describing the following events in a Formula 1 race: Agent1 | driver | NOR [SEP] Action1 | enter [SEP] Object1 | main | pits [SEP] Object1 | main | for hard tyres [SEP] Agent2 | driver | NOR [SEP] Action2 | drop to [SEP] Object2 | position | 10 [SEP] Agent3 | driver | MAZ [SEP] Action3 | enter [SEP] Object3 | main | pits [SEP] Object3 | main | for hard tyres [SEP] Agent4 | driver | MAZ [SEP] Action4 | stay in [SEP] Object4 | position | 19,"Norris pits for hard tyres and drops to 10th, while Magnussen also pits and stays in 19th."
Lap 43,"[{'subject': [{'driver': 'MAZ'}], 'action': 'retire from', 'object': {'main': ['race']}}, {'subject': [{'other': 'his haas car'}], 'action': 'be stationary', 'object': {'timing': ['beginning of lap']}}]",Write a live blog post describing the following events in a Formula 1 race: Agent1 | driver | MAZ [SEP] Action1 | retire from [SEP] Object1 | main | race [SEP] Agent2 | other | his haas car [SEP] Action2 | be stationary [SEP] Object2 | timing | beginning of lap,Maiz retires from the race as his haas car is stationary at the beginning of the lap.
Lap 43,"[{'subject': [{'driver': 'MAZ'}], 'action': 'close', 'object': {'main': ['gap to'], 'driver': ['KUB']}}, {'subject': [{'other': 'gap'}], 'action': 'be', 'object': {'main': ['down to', '0'], 'driver': ['KUB'], 'timing': ['currently']}}]",Write a live blog post describing the following events in a Formula 1 race: Agent1 | driver | MAZ [SEP] Action1 | close [SEP] Object1 | main | gap to [SEP] Object1 | driver | KUB [SEP] Agent2 | other | gap [SEP] Action2 | be [SEP] Object2 | main | down to [SEP] Object2 | main | 0 [SEP] Object2 | driver | KUB [SEP] Object2 | timing | currently,Mazda has closed the gap to Kubica down to 0.6s currently.
Lap 46,"[{'subject': [{'driver': 'VET'}], 'action': 'enter', 'object': {'main': ['pits', 'for medium tyres']}}, {'subject': [{'driver': 'VET'}], 'action': 'drop to', 'object': {'position': ['18']}}]",Write a live blog post describing the following events in a Formula 1 race: Agent1 | driver | VET [SEP] Action1 | enter [SEP] Object1 | main | pits [SEP] Object1 | main | for medium tyres [SEP] Agent2 | driver | VET [SEP] Action2 | drop to [SEP] Object2 | position | 18,Vettel pits for medium tyres and drops to 18th.
Lap 48,"[{'subject': [{'driver': 'PER'}], 'action': 'make', 'object': {'main': ['pitstop', 'for soft tyres']}}, {'subject': [{'driver': 'PER'}], 'action': 'drop to', 'object': {'position': ['9']}}]",Write a live blog post describing the following events in a Formula 1 race: Agent1 | driver | PER [SEP] Action1 | make [SEP] Object1 | main | pitstop [SEP] Object1 | main | for soft tyres [SEP] Agent2 | driver | PER [SEP] Action2 | drop to [SEP] Object2 | position | 9,Perez makes a pitstop for soft tyres and drops to 9th.
Lap 49,"[{'subject': [{'driver': 'PER'}], 'action': 'pit', 'object': {'main': ['from P12', 'to undercut'], 'driver': ['RUS']}}, {'subject': [{'driver': 'RUS'}], 'action': 'be', 'object': {'main': ['still out']}}]",Write a live blog post describing the following events in a Formula 1 race: Agent1 | driver | PER [SEP] Action1 | pit [SEP] Object1 | main | from P12 [SEP] Object1 | main | to undercut [SEP] Object1 | driver | RUS [SEP] Agent2 | driver | RUS [SEP] Action2 | be [SEP] Object2 | main | still out,"Perez pits from P12 to undercut Russell, but Russell is still out."
Lap 50,"[{'subject': [{'driver': 'TSU'}], 'action': 'pit', 'object': {'main': ['for medium tyres']}}, {'subject': [{'driver': 'TSU'}], 'action': 'drop to', 'object': {'position': ['18']}}]",Write a live blog post describing the following events in a Formula 1 race: Agent1 | driver | TSU [SEP] Action1 | pit [SEP] Object1 | main | for medium tyres [SEP] Agent2 | driver | TSU [SEP] Action2 | drop to [SEP] Object2 | position | 18,Tsuoda pits for medium tyres and drops to 18th.
Lap 50,"[{'subject': [{'driver': 'TSU'}], 'action': 'be out of', 'object': {'main': ['race']}}, {'subject': [{'other': 'his alphatauri car'}], 'action': 'be stationary', 'object': {'timing': ['first part of lap']}}]",Write a live blog post describing the following events in a Formula 1 race: Agent1 | driver | TSU [SEP] Action1 | be out of [SEP] Object1 | main | race [SEP] Agent2 | other | his alphatauri car [SEP] Action2 | be stationary [SEP] Object2 | timing | first part of lap,"Tsuoda is out of the race, his alphatauri car is stationary for the first part of the lap."
Lap 53,"[{'subject': [{'driver': 'PER'}, {'driver': 'RIC'}], 'action': 'battle', 'object': {'main': ['for P10']}}, {'subject': [{'other': 'gap'}], 'action': 'be', 'object': {'main': ['down to'], 'gap': ['0.6s']}}]",Write a live blog post describing the following events in a Formula 1 race: Agent1 | driver | PER [SEP] Action1 | battle [SEP] Object1 | main | for P10 [SEP] Agent2 | other | gap [SEP] Action2 | be [SEP] Object2 | main | down to [SEP] Object2 | gap | 0.6s,"Perez battles for P10, with the gap down to 0.6s."
Lap 54,"[{'subject': [{'driver': 'PER'}], 'action': 'overtake', 'object': {'driver': ['RIC']}}, {'subject': [{'driver': 'PER'}], 'action': 'move up', 'object': {'position': ['10']}}]",Write a live blog post describing the following events in a Formula 1 race: Agent1 | driver | PER [SEP] Action1 | overtake [SEP] Object1 | driver | RIC [SEP] Agent2 | driver | PER [SEP] Action2 | move up [SEP] Object2 | position | 10,Perez overtakes Ricciardo to move up to 10th.
Lap 58,"[{'subject': [{'driver': 'GIO'}, {'driver': 'LAT'}], 'action': 'fight', 'object': {'main': ['for P14']}}, {'subject': [{'other': 'gap'}], 'action': 'be', 'object': {'main': ['down to'], 'gap': ['0.5s']}}]",Write a live blog post describing the following events in a Formula 1 race: Agent1 | driver | GIO [SEP] Action1 | fight [SEP] Object1 | main | for P14 [SEP] Agent2 | other | gap [SEP] Action2 | be [SEP] Object2 | main | down to [SEP] Object2 | gap | 0.5s,"Giovinazzi fights for P14, but the gap is down to 0.5s."
Lap 59,"[{'subject': [{'driver': 'VET'}], 'action': 'approach', 'object': {'driver': ['LAT']}}, {'subject': [{'other': 'gap'}], 'action': 'be', 'object': {'main': ['only', '0.62'], 'driver': ['LAT'], 'timing': ['currently']}}]",Write a live blog post describing the following events in a Formula 1 race: Agent1 | driver | VET [SEP] Action1 | approach [SEP] Object1 | driver | LAT [SEP] Agent2 | other | gap [SEP] Action2 | be [SEP] Object2 | main | only [SEP] Object2 | main | 0.62 [SEP] Object2 | driver | LAT [SEP] Object2 | timing | currently,"Vettel approaches Latifi, but the gap is only 0.62s currently."
Lap 60,"[{'subject': [{'driver': 'KUB'}], 'action': 'approach', 'object': {'driver': ['LAT']}}, {'subject': [{'other': 'gap'}], 'action': 'decrease', 'object': {'main': ['to', '3.87'], 'driver': ['LAT'], 'timing': ['now']}}]",Write a live blog post describing the following events in a Formula 1 race: Agent1 | driver | KUB [SEP] Action1 | approach [SEP] Object1 | driver | LAT [SEP] Agent2 | other | gap [SEP] Action2 | decrease [SEP] Object2 | main | to [SEP] Object2 | main | 3.87 [SEP] Object2 | driver | LAT [SEP] Object2 | timing | now,Kubica approaches Latifi and the gap has decreased to 3.87s now.
Lap 62,"[{'subject': [{'driver': 'ALO'}], 'action': 'catch', 'object': {'driver': ['SAI']}}, {'subject': [{'other': 'gap'}], 'action': 'be', 'object': {'main': ['down to', '1.62'], 'driver': ['SAI'], 'timing': ['now']}}]",Write a live blog post describing the following events in a Formula 1 race: Agent1 | driver | ALO [SEP] Action1 | catch [SEP] Object1 | driver | SAI [SEP] Agent2 | other | gap [SEP] Action2 | be [SEP] Object2 | main | down to [SEP] Object2 | main | 1.62 [SEP] Object2 | driver | SAI [SEP] Object2 | timing | now,"Alonso is catching Sainz now, the gap down to 1.62s."
Lap 63,"[{'subject': [{'driver': 'ALO'}], 'action': 'be threathening', 'object': {'driver': ['SAI'], 'main': ['for position']}}, {'subject': [{'driver': 'ALO'}], 'action': 'be', 'object': {'main': ['0.5s behind'], 'driver': ['SAI'], 'position': ['6']}}]",Write a live blog post describing the following events in a Formula 1 race: Agent1 | driver | ALO [SEP] Action1 | be threathening [SEP] Object1 | driver | SAI [SEP] Object1 | main | for position [SEP] Agent2 | driver | ALO [SEP] Action2 | be [SEP] Object2 | main | 0.5s behind [SEP] Object2 | driver | SAI [SEP] Object2 | position | 6,Alonso is threatening Sainz for position. He's 0.5s behind and 6s behind.
Lap 67,"[{'subject': [{'driver': 'BOT'}], 'action': 'stop', 'object': {'main': ['for soft tyres']}}, {'subject': [{'driver': 'BOT'}], 'action': 'stay in', 'object': {'position': ['3']}}]",Write a live blog post describing the following events in a Formula 1 race: Agent1 | driver | BOT [SEP] Action1 | stop [SEP] Object1 | main | for soft tyres [SEP] Agent2 | driver | BOT [SEP] Action2 | stay in [SEP] Object2 | position | 3,Bottas stops for soft tyres and stays in third.
Lap 67,"[{'subject': [{'driver': 'PER'}], 'action': 'catch', 'object': {'driver': ['OCO']}}, {'subject': [{'other': 'gap'}], 'action': 'decrease', 'object': {'main': ['to', '1.82'], 'driver': ['OCO'], 'timing': ['end of lap']}}]",Write a live blog post describing the following events in a Formula 1 race: Agent1 | driver | PER [SEP] Action1 | catch [SEP] Object1 | driver | OCO [SEP] Agent2 | other | gap [SEP] Action2 | decrease [SEP] Object2 | main | to [SEP] Object2 | main | 1.82 [SEP] Object2 | driver | OCO [SEP] Object2 | timing | end of lap,Perez has caught Ocon to decrease the gap to 1.82s at the end of the lap.
Lap 68,"[{'subject': [{'driver': 'BOT'}], 'action': 'enter', 'object': {'main': ['pits', 'for soft tyres']}}, {'subject': [{'driver': 'BOT'}], 'action': 'stay in', 'object': {'position': ['3']}}]",Write a live blog post describing the following events in a Formula 1 race: Agent1 | driver | BOT [SEP] Action1 | enter [SEP] Object1 | main | pits [SEP] Object1 | main | for soft tyres [SEP] Agent2 | driver | BOT [SEP] Action2 | stay in [SEP] Object2 | position | 3,Bottas pits for soft tyres and stays in third.
Lap 70,"[{'subject': [{'driver': 'HAM'}], 'action': 'pit', 'object': {'main': ['from P2', 'to undercut'], 'driver': ['VER']}}, {'subject': [{'driver': 'VER'}], 'action': 'be', 'object': {'main': ['still out']}}, {'subject': [{'driver': 'RUS'}], 'action': 'stop', 'object': {'main': ['for soft tyres']}}, {'subject': [{'driver': 'RUS'}], 'action': 'drop to', 'object': {'position': ['15']}}]",Write a live blog post describing the following events in a Formula 1 race: Agent1 | driver | HAM [SEP] Action1 | pit [SEP] Object1 | main | from P2 [SEP] Object1 | main | to undercut [SEP] Object1 | driver | VER [SEP] Agent2 | driver | VER [SEP] Action2 | be [SEP] Object2 | main | still out [SEP] Agent3 | driver | RUS [SEP] Action3 | stop [SEP] Object3 | main | for soft tyres [SEP] Agent4 | driver | RUS [SEP] Action4 | drop to [SEP] Object4 | position | 15,"Hamilton pits from P2 to undercut Verstappen, who is still out. Russell stops for soft tyres and drops to 15th."
Lap 70,"[{'subject': [{'driver': 'VET'}, {'driver': 'STR'}], 'action': 'fight', 'object': {'main': ['for P12']}}, {'subject': [{'other': 'gap'}], 'action': 'be', 'object': {'main': ['down to'], 'gap': ['0.6s']}}]",Write a live blog post describing the following events in a Formula 1 race: Agent1 | driver | VET [SEP] Action1 | fight [SEP] Object1 | main | for P12 [SEP] Agent2 | other | gap [SEP] Action2 | be [SEP] Object2 | main | down to [SEP] Object2 | gap | 0.6s,"Vettel is fighting for P12, with the gap down to 0.6s."
Lap 71,"[{'subject': [{'driver': 'RUS'}], 'action': 'box', 'object': {'main': ['for soft tyres']}}, {'subject': [{'driver': 'RUS'}], 'action': 'drop to', 'object': {'position': ['17']}}]",Write a live blog post describing the following events in a Formula 1 race: Agent1 | driver | RUS [SEP] Action1 | box [SEP] Object1 | main | for soft tyres [SEP] Agent2 | driver | RUS [SEP] Action2 | drop to [SEP] Object2 | position | 17,Russell boxes for soft tyres and drops to 17th.
Lap 71,"[{'subject': [{'driver': 'ALO'}], 'action': 'pass', 'object': {'driver': ['SAI']}}, {'subject': [{'driver': 'ALO'}], 'action': 'move up', 'object': {'position': ['6']}}]",Write a live blog post describing the following events in a Formula 1 race: Agent1 | driver | ALO [SEP] Action1 | pass [SEP] Object1 | driver | SAI [SEP] Agent2 | driver | ALO [SEP] Action2 | move up [SEP] Object2 | position | 6,Alonso passes Sainz to move up to sixth.
